,latitude,longitude,geometry,LSOA11CD,IMD19,stops&stations_within_1km,ors_isochrone_area,is_in_regent_street,log_per_sq_ft,log_sqft,log_population,log_park_distance,log_tube_station_distance,log_bus_stop_distance
0,51.546197,-0.001925,POINT (-0.001925 51.546197),E01033583,9402,69,1839.7,0,3.2902658209548736,7.791935956938058,9.476640726023412,5.461201229449516,6.213567557246944,4.950672952923573
1,51.541726,-0.023781,POINT (-0.023781 51.541726),E01004224,7452,59,1688.75,0,3.4011973816621555,10.2145320850248,8.500417259054247,4.196901150547193,6.964929248256655,4.885374368583913
2,51.51851,-0.01804,POINT (-0.01804 51.51851),E01004242,9768,77,1604.49,0,2.8622008809294686,10.182065810738438,10.150664377173118,3.5260663637080247,6.131813273813276,5.425390449111513
3,51.54168,-0.09566,POINT (-0.09566 51.54168),E01002719,17270,82,2000.42,0,4.0884941485439255,10.11641913877392,9.2539274999887,4.7336513476366315,6.609335765987615,4.5800574851730165
4,51.514488,-0.158637,POINT (-0.158637 51.514488),E01004657,22741,84,1955.63,0,4.546375139477586,9.67464026580524,9.254442421230529,5.440250862436703,4.7879083226672625,4.9279780604152466
5,51.541498,-0.024911,POINT (-0.024911 51.541498),E01004224,7452,57,1739.82,0,3.1135153092103742,9.637371257998907,9.697894093464804,4.5369984058847574,7.03970417011142,4.783316371371566
6,51.545015,-0.119203,POINT (-0.119203 51.545015),E01002708,8035,75,1807.6,0,2.70805020110221,9.48402493478411,8.771567156758927,4.878093887464327,5.974140345974778,5.006292544662119
7,51.529646,-0.077173,POINT (-0.077173 51.529646),E01001777,6154,97,1924.91,0,3.676300671907076,9.29697667863573,9.789509456407556,4.681482868837255,6.739975476504033,4.127940511650616
8,51.50065,-0.09924,POINT (-0.09924 51.50065),E01003927,17545,122,2026.58,0,3.6888794541139363,9.273315171137572,9.529870614357579,5.048894006213346,6.025479425695259,4.20797082229696
9,51.50065,-0.09924,POINT (-0.09924 51.50065),E01003927,17545,122,2026.58,0,3.6808472824166723,9.273315171137572,9.529870614357579,5.048894006213346,6.025479425695259,4.20797082229696
10,51.50065,-0.09924,POINT (-0.09924 51.50065),E01003927,17545,122,2026.58,0,3.7800903341673204,9.273315171137572,9.529870614357579,5.048894006213346,6.025479425695259,4.20797082229696
11,51.527612,-0.086603,POINT (-0.086603 51.527612),E01033711,12611,119,1973.58,0,3.6109179126442243,9.17107965802288,10.19698928288063,4.884315927417586,5.346678867425915,4.654150808209713
12,51.528749,-0.05318,POINT (-0.05318 51.528749),E01004259,10040,74,1919.74,0,3.9954446135672184,9.060331104649475,9.483666641216134,4.100657924278693,5.4513388376304395,4.90527477843843
13,51.522891,-0.084639,POINT (-0.084639 51.522891),E01002704,12549,149,1971.49,0,3.624340932976365,9.030854790001436,8.902461034368944,5.037796402158628,5.9781766527810465,5.246339627455324
14,51.5598,-0.251489,POINT (-0.251489 51.5598),E01000510,7979,53,1649.27,0,2.7825390530929495,8.87024156729927,9.126217183787372,5.0891383555842,6.487668797668622,4.676001366748682
15,51.533175,-0.059325,POINT (-0.059325 51.533175),E01004202,10499,74,1883.71,0,3.481240089335692,8.865876285425417,9.845700058513787,2.9780773383152703,6.570868956639264,4.807049241997577
16,51.537779,-0.141406,POINT (-0.141406 51.537779),E01000861,6470,63,1954.9,0,3.8607297110405954,8.850947451970402,9.44047701453049,4.849370479827911,5.253529183757903,4.245490733029061
17,51.481473,-0.311351,POINT (-0.311351 51.481473),E01033082,10592,45,1244.51,0,2.853015971352396,8.842315546841863,8.528123240208819,3.686125665917315,7.514979580832285,5.240688253711401
18,51.469763,-0.176107,POINT (-0.176107 51.469763),E01033099,13403,83,1498.58,0,3.7495040759303713,8.808518618782816,9.8480826592036,4.237578730308009,7.51987676889905,4.696472344394877
19,51.49205,0.12012,POINT (0.12012 51.49205),E01001578,9697,62,1636.67,0,2.0320878452963655,8.787220328629298,9.06187632588812,5.868618717109136,8.173767233618955,4.953006181259619
20,51.61902,-0.10716,POINT (-0.10716 51.61902),E01001498,16629,51,1836.86,0,2.9564715596006885,8.779557455883728,9.155340215657306,5.909277876120035,7.484902208779911,4.418720118610357
21,51.537779,-0.141406,POINT (-0.141406 51.537779),E01000861,6470,63,1954.9,0,3.8607297110405954,8.850947451970402,9.44047701453049,4.849370479827911,5.253529183757903,4.245490733029061
22,51.522389,-0.143571,POINT (-0.143571 51.522389),E01004715,18090,85,1727.65,1,3.4375293109095457,8.768418726857403,9.821015312604414,5.396849622612283,5.123309003048306,4.808519109974122
23,51.531065,-0.071827,POINT (-0.071827 51.531065),E01001774,8923,83,1984.67,0,3.12982600803469,8.683385366280309,9.31325249275999,5.084071612169438,7.1001674208195835,4.8916265075140535
24,51.519603,-0.136305,POINT (-0.136305 51.519603),E01000851,18953,125,1930.55,1,4.0427003290697625,8.66406026722579,9.524631268691993,4.677490847567717,5.169745085748273,5.345725623943028
25,51.498825,-0.110905,POINT (-0.110905 51.498825),E01032582,8211,129,1895.85,0,3.3123661679555396,8.638879709672837,9.011652819895758,5.496307198978706,6.336542505201051,5.3992480851264775
26,51.548413,-0.072373,POINT (-0.072373 51.548413),E01001748,6737,99,1907.89,0,2.884800712846709,8.628018746505122,9.934301392131436,3.0937660138253564,7.676515370136233,4.889822673879508
27,51.531278,-0.068542,POINT (-0.068542 51.531278),E01001774,8923,85,1998.29,0,3.676300671907076,8.613593685702552,9.31325249275999,3.840527003723076,6.920128415045278,5.17105201550216
28,51.516034,-0.140689,POINT (-0.140689 51.516034),E01004765,15472,123,1935.86,1,4.2631023230097185,8.584851839890053,8.887354385688052,5.560604704979873,4.805577210328431,4.52406858455105
29,51.515667,-0.003472,POINT (-0.003472 51.515667),E01004245,2763,99,1228.87,0,2.995732273553991,8.58260632996447,9.561115546450448,4.340423084818807,6.560209961459738,5.239257145418492
30,51.48791,-0.12383,POINT (-0.12383 51.48791),E01003109,9248,102,1897.33,0,3.5553480614894135,8.556413904569519,9.227455076316465,3.3235961356386037,5.490259166718982,4.577182149447922
31,51.589973,-0.112392,POINT (-0.112392 51.589973),E01002030,12975,61,1800.26,0,2.996232148595642,8.522578663692576,8.737099508537463,4.9342580824984905,6.487166380728126,5.231215563007301
32,51.48791,-0.12383,POINT (-0.12383 51.48791),E01003109,9248,102,1897.33,0,3.5562048372093953,8.457443187010464,9.227455076316465,3.3235961356386037,5.490259166718982,4.577182149447922
33,51.516291,-0.140677,POINT (-0.140677 51.516291),E01004765,15472,122,1932.13,1,4.224641563169959,8.386856689688234,8.887354385688052,5.549776228842293,4.977078510567413,4.578415448679272
34,51.545897,-0.053801,POINT (-0.053801 51.545897),E01001731,7474,85,1927.43,0,3.2565568918358894,8.351610750626559,9.642736885519767,4.963613565322785,7.640478878655266,4.42232849394725
35,51.51935,-0.10695,POINT (-0.10695 51.51935),E01000916,14830,147,1847.29,0,3.068052935133617,8.339739766019143,9.512680242108685,5.02493259879708,5.163928463509385,4.8714498521794365
36,51.61384,-0.06491,POINT (-0.06491 51.61384),E01001558,4348,60,1741.59,0,2.6796507265805123,8.32263709695394,9.475126317191028,4.98045096291894,7.965851082012955,4.566325402164524
37,51.531162,-0.076823,POINT (-0.076823 51.531162),E01001777,6154,89,1957.54,0,3.3843902633457743,8.276394704863307,9.789509456407556,5.212051166390628,6.866860365136666,4.475289265133571
38,51.546197,-0.001925,POINT (-0.001925 51.546197),E01033583,9402,69,1839.7,0,3.2902658209548736,7.791935956938058,9.476640726023412,5.461201229449516,6.213567557246944,4.950672952923573
39,51.536386,0.026736,POINT (0.026736 51.536386),E01003596,10626,64,1737.11,0,3.019448800171307,8.27052509505507,9.63501708308687,5.813772258697689,6.404831685112001,4.815025842975365
40,51.526585,-0.080664,POINT (-0.080664 51.526585),E01033706,6887,124,2043.79,0,3.5610460826040513,8.251924713801357,9.300925771199337,4.573989068504517,6.21007785233566,4.533996366533566
41,51.526709,-0.080628,POINT (-0.080628 51.526709),E01033706,6887,122,2058.05,0,3.5610460826040513,8.251924713801357,9.300925771199337,4.434856248318414,6.2197946251094915,4.535391291380175
42,51.51851,-0.01804,POINT (-0.01804 51.51851),E01004242,9768,77,1604.49,0,3.006672213592325,8.233768709217097,10.150664377173118,3.5260663637080247,6.131813273813276,5.425390449111513
43,51.526054,-0.066904,POINT (-0.066904 51.526054),E01004313,11032,81,1891.75,0,3.58351893845611,8.229511118964457,10.17923721611527,3.4094961844768505,6.688740691751605,4.495132080779154
44,51.506166,0.076008,POINT (0.076008 51.506166),E01003482,9464,33,871.27,0,3.21124679770371,8.222285073872717,7.51727625547469,2.596000697293587,6.076402943624172,5.817081397615548
45,51.586926,-0.079954,POINT (-0.079954 51.586926),E01002070,10051,99,1545.61,0,3.3874364664121184,8.214194414852564,9.699689416169322,4.401951803481151,6.477187724313131,5.183635766464422
46,51.46974,-0.141379,POINT (-0.141379 51.46974),E01003034,15690,61,1791.99,0,2.70805020110221,8.20685642839965,9.567276781729749,4.272351267864781,6.819197252000346,4.309455941839047
47,51.493153,-0.007573,POINT (-0.007573 51.493153),E01004216,19837,48,1029.36,0,2.918851229218033,8.200837258379849,9.945559006157161,3.110399348532117,6.336064379444871,4.8004902285677025
48,51.582506,-0.018878,POINT (-0.018878 51.582506),E01004443,7369,71,1812.79,0,2.761274962339508,8.198089248956116,9.747715809495595,4.949185331780033,7.8050670442584895,4.221270855794487
49,51.48731,-0.09735,POINT (-0.09735 51.48731),E01003994,5652,86,1847.8,0,3.006672213592325,8.191463051326927,9.492896328315908,5.297767215242556,6.408874694984015,4.591780948869076
50,51.588795,-0.109504,POINT (-0.109504 51.588795),E01002003,5261,63,1891.93,0,2.998229153752578,8.182559264068665,9.379126571047307,5.0344169227610545,6.1830142268310135,5.180940498394464
51,51.522303,-0.08653,POINT (-0.08653 51.522303),E01002704,12549,145,1990.75,0,3.3843902633457743,8.18004072349016,8.902461034368944,4.566221435849517,6.003887067106539,4.58822746525778
52,51.58306,-0.199908,POINT (-0.199908 51.58306),E01000211,19377,78,1795.3,0,3.0497468618602293,8.175547596021026,8.952125188156906,5.7126761418263206,7.145945065834913,4.943283931738559
53,51.48699,-0.12228,POINT (-0.12228 51.48699),E01003109,9248,105,1811.32,0,3.4572626055951043,8.169053149927343,9.227455076316465,3.100542637906336,5.254626677923303,4.617493935676923
54,51.630999,-5.2e-05,POINT (-0.000052 51.630999),E01004358,12717,35,1902.92,0,3.3474449256629084,8.165363632473982,8.96315768201099,3.3203487937988347,8.129961833501094,4.47026642352329
55,51.508216,-0.009207,POINT (-0.009207 51.508216),E01004219,6380,90,1416.79,0,2.840247370713596,8.16194579946869,9.568768378402552,4.5810823904590015,5.070412498132116,4.736286163845628
56,51.50567,-0.08736,POINT (-0.08736 51.50567),E01004027,14772,138,1983.37,0,3.7579389900454307,8.160518247477505,8.587444737107031,4.757547866408974,4.638314784580394,3.2280337626529665
57,51.50567,-0.08736,POINT (-0.08736 51.50567),E01004027,14772,138,1983.37,0,3.7579389900454307,8.160518247477505,8.587444737107031,4.757547866408974,4.638314784580394,3.2280337626529665
58,51.50567,-0.08736,POINT (-0.08736 51.50567),E01004027,14772,138,1983.37,0,3.7579389900454307,8.160518247477505,8.587444737107031,4.757547866408974,4.638314784580394,3.2280337626529665
59,51.518246,-0.127816,POINT (-0.127816 51.518246),E01000855,19276,105,1953.32,1,4.256605125012738,7.0587581525186645,8.64029892523716,5.222677452339291,5.597495604138244,4.7129477781615225
60,51.519933,-0.101618,POINT (-0.101618 51.519933),E01033490,14740,155,2005.34,0,4.007333185232471,8.15708378502887,9.480170543227835,4.9614450499054845,5.436469317930779,5.5557463958287965
61,51.511661,-0.082609,POINT (-0.082609 51.511661),E01032739,20391,172,1906.71,0,3.4641721808235437,8.144098463338524,7.275795393999566,4.311604170377335,5.540988997669792,3.7398101827824792
62,51.499912,-0.114027,POINT (-0.114027 51.499912),E01003013,21865,131,1953.66,0,3.2188758248682006,8.138272638530186,8.752545116344514,5.438209735199927,5.940276510338549,5.567313438044335
63,51.531065,-0.071827,POINT (-0.071827 51.531065),E01001774,8923,83,1984.67,0,2.8735646395797834,8.128585200374497,9.31325249275999,5.084071612169438,7.1001674208195835,4.8916265075140535
64,51.51574,-0.19518,POINT (-0.19518 51.51574),E01004653,23503,82,1848.74,0,3.607398212246053,8.08794755464267,10.01537949193213,4.940927881671436,6.370585679876545,3.740997408376043
65,51.521665,-0.10396,POINT (-0.10396 51.521665),E01002724,19372,139,1911.65,0,4.151039905898646,8.087025470667701,8.941172515475685,3.983413001514819,5.134621273877247,4.93361025091204
66,51.506578,-0.052477,POINT (-0.052477 51.506578),E01004297,25393,81,952.05,0,3.0487989944906833,8.085794701281568,9.682258417557021,3.6396892099231644,6.457366024019977,4.920199879958109
67,51.528216,-0.077754,POINT (-0.077754 51.528216),E01033706,6887,101,1945.98,0,3.7421832261362473,8.070906088787819,9.300925771199337,4.7477108727702015,6.607838668862014,3.880532338336775
68,51.541701,-0.155332,POINT (-0.155332 51.541701),E01000859,28039,64,1773.87,0,3.7480913137457823,8.064950891749143,9.61373734296231,3.6171148878846253,5.70920110068306,5.631498479071036
69,51.529646,-0.077173,POINT (-0.077173 51.529646),E01001777,6154,97,1924.91,0,3.5986811861957873,8.053887083618223,9.789509456407556,4.681482868837255,6.739975476504033,4.127940511650616
70,51.6524,-0.08596,POINT (-0.08596 51.6524),E01001536,15451,5,1886.51,0,2.7744619666214616,8.045267716607803,8.424647985545972,2.9569914452375605,8.082655542822117,6.2099372067722935
71,51.6524,-0.08596,POINT (-0.08596 51.6524),E01001536,15451,5,1886.51,0,3.2445435716167785,8.045267716607803,8.424647985545972,2.9569914452375605,8.082655542822117,6.2099372067722935
72,51.6524,-0.08596,POINT (-0.08596 51.6524),E01001536,15451,5,1886.51,0,2.6693093727857793,8.045267716607803,8.424647985545972,2.9569914452375605,8.082655542822117,6.2099372067722935
73,51.518546,-0.072581,POINT (-0.072581 51.518546),E01004307,19910,125,1932.54,0,4.007333185232471,8.039157390473237,9.411349555599298,4.267316996289947,5.967863213855655,4.879387007486302
74,51.518349,-0.142323,POINT (-0.142323 51.518349),E01004765,15472,105,1930.93,1,3.7923381624821664,8.02059914989697,8.887354385688052,5.449062253240462,5.855157878393475,5.23606955306851
75,51.492836,-0.062275,POINT (-0.062275 51.492836),E01004042,2987,69,1622.28,0,3.2188758248682006,8.014335737299424,9.52324272265638,5.796756594662978,6.3599371244863026,5.053567061479768
76,51.497229,-0.018275,POINT (-0.018275 51.497229),E01032774,7916,71,1099.49,0,2.540814281726296,8.0106915391303,9.10992206789101,6.0387774301586,5.724173164303935,4.747797584237848
77,51.569177,-0.124077,POINT (-0.124077 51.569177),E01002758,3231,80,1739.16,0,2.1198634561787513,8.007034012193408,9.58660458711897,4.124388683570477,6.744294729829101,4.619073091157083
78,51.576415,-0.08861,POINT (-0.08861 51.576415),E01002056,8479,68,1636.88,0,3.8784662218993033,8.006367567650246,9.530165525900781,5.275867237710445,6.7058960997751065,5.459457846420514
79,51.51036,-0.12766,POINT (-0.12766 51.51036),E01004734,7933,149,1998.87,1,4.008423499714461,8.005367067316664,8.632409379981963,4.80614992460058,4.829113417472866,4.181897459229962
80,51.54325,-0.07598,POINT (-0.07598 51.54325),E01033700,7953,90,1947.66,0,3.738859386418957,7.997326822998097,10.041271452918963,4.7340030578310595,7.563143477539096,4.8892206722058225
81,51.541701,-0.155332,POINT (-0.155332 51.541701),E01000859,28039,64,1773.87,0,3.7480913137457823,8.064950891749143,9.61373734296231,3.6171148878846253,5.70920110068306,5.631498479071036
82,51.504018,-0.094541,POINT (-0.094541 51.504018),E01003935,13553,121,1991.77,0,3.750209709265542,7.985824666418917,9.177314988077526,4.232075457910378,5.782162261982253,4.510089979737821
83,51.493324,-0.240867,POINT (-0.240867 51.493324),E01001932,10242,68,1624.53,0,3.24376354037598,7.98139158158007,9.076650109589671,4.814377071563428,5.883183103022492,4.8721392168423305
84,51.53759,-0.10405,POINT (-0.10405 51.53759),E01002794,12607,95,1887.95,0,3.947583180826697,7.970740390007095,9.382365771459225,4.607467545036775,6.339777123711838,4.428074948165718
85,51.539245,-0.076336,POINT (-0.076336 51.539245),E01033707,6864,88,1979.51,0,3.3843902633457743,7.952966790923131,9.419201614957123,4.175924549214524,7.430013303110343,4.573576314396913
86,51.55471,-0.140294,POINT (-0.140294 51.55471),E01000921,18723,62,1845.32,0,3.349904087274605,7.951559331155252,9.656241480118315,4.6778628713815325,5.594599849218988,4.294424173937759
87,51.523498,-0.099836,POINT (-0.099836 51.523498),E01033489,21648,152,1953.39,0,4.142340760490356,7.930206206684683,9.749954015570367,5.221598296134632,5.943402867529206,4.164336934042136
88,51.52738,-0.07896,POINT (-0.07896 51.52738),E01033706,6887,106,2064.93,0,3.661251286996462,7.919356190660617,9.300925771199337,4.581799199664851,6.449474665879913,4.013134506796558
89,51.546103,-0.051031,POINT (-0.051031 51.546103),E01001731,7474,79,1941.53,0,2.970414465569701,7.913155185928068,9.642736885519767,5.395852342384568,7.660561909847957,5.118532589406052
90,51.494297,-0.145583,POINT (-0.145583 51.494297),E01004750,15320,114,1730.16,0,3.7607348912143643,7.9017475185201445,8.763418693046805,5.312072331780373,5.662231047497966,4.536141599577656
91,51.516065,-0.143124,POINT (-0.143124 51.516065),E01004765,15472,111,1914.59,1,3.8607297110405954,7.890582534656536,8.887354385688052,4.55744944977668,4.847645665601793,3.8308129500026027
92,51.530198,-0.094309,POINT (-0.094309 51.530198),E01001779,7718,112,1920.7,0,3.3141860046725258,7.88570539124302,9.718117152740142,2.972463646614637,6.497182147105238,5.088891792062023
93,51.545357,-0.019116,POINT (-0.019116 51.545357),E01001849,6227,59,1905.87,0,3.3965197921110444,7.880804344674901,8.621140508979861,2.5087859235779435,6.491315165220847,4.931375613110624
94,51.610317,-0.134527,POINT (-0.134527 51.610317),E01001973,15884,58,1814.2,0,3.2188758248682006,7.876638460975463,8.730805060231827,5.58736101163895,6.536256720437246,5.091354695837631
95,51.526491,-0.078278,POINT (-0.078278 51.526491),E01033706,6887,110,2064.51,0,3.8778455536265595,7.8582541821860294,9.300925771199337,3.7923381624821664,6.49299712396238,4.278608675475393
96,51.537684,-0.091285,POINT (-0.091285 51.537684),E01002798,13193,73,1896.55,0,3.3775875160230218,7.847762537473608,9.550416108187019,4.452252079563379,7.05444965813294,4.664004971708984
97,51.560698,-0.01553,POINT (-0.01553 51.560698),E01004429,11880,41,1507.96,0,2.8075938314384716,7.837554360881084,8.13900564472055,3.0243197304059035,6.724433221854599,5.770100661249359
98,51.531065,-0.071827,POINT (-0.071827 51.531065),E01001774,8923,83,1984.67,0,3.395514598526657,7.829630389150193,9.31325249275999,5.084071612169438,7.1001674208195835,4.8916265075140535
99,51.526331,-0.088032,POINT (-0.088032 51.526331),E01002701,9154,131,2071.96,0,3.584629432740137,7.822845290279774,9.814610436136656,5.4180540481503705,4.018902367055242,4.255045172913092
100,51.546197,-0.001925,POINT (-0.001925 51.546197),E01033583,9402,69,1839.7,0,3.2902658209548736,7.791935956938058,9.476640726023412,5.461201229449516,6.213567557246944,4.950672952923573
101,51.586926,-0.079954,POINT (-0.079954 51.586926),E01002070,10051,99,1545.61,0,3.3769046890931107,7.779466967458324,9.699689416169322,4.401951803481151,6.477187724313131,5.183635766464422
102,51.502222,-0.081688,POINT (-0.081688 51.502222),E01032646,19949,112,1898.52,0,4.148517041110494,7.769800996003896,9.439810269694618,5.029914908828212,6.4476702969193305,4.660037087428932
103,51.48809,0.002445,POINT (0.002445 51.48809),E01001668,9655,47,1443.12,0,3.1135153092103742,7.765569081097317,10.488164386923991,3.849721979230767,6.771614771289501,5.9212030140673155
104,51.533485,-0.10755,POINT (-0.10755 51.533485),E01002696,14178,105,1985.79,0,3.1523085805960878,7.762596048540069,9.408737029226808,4.9849071455235245,5.01529110563245,4.431649785147205
105,51.54593,-0.02075,POINT (-0.02075 51.54593),E01001849,6227,60,1814.86,0,3.4001968813285717,7.741967899820685,8.621140508979861,4.4058652241537235,6.654371568355365,5.315862545763785
106,51.54593,-0.02075,POINT (-0.02075 51.54593),E01001849,6227,60,1814.86,0,3.4001968813285717,7.741967899820685,8.621140508979861,4.4058652241537235,6.654371568355365,5.315862545763785
107,51.499481,-0.052869,POINT (-0.052869 51.499481),E01004033,9550,73,1375.41,0,2.995732273553991,7.7406644019172415,9.734611399823796,4.774322068733404,5.630709863766875,4.663250397064616
108,51.561323,-0.074236,POINT (-0.074236 51.561323),E01001829,17491,60,2033.62,0,3.0855729775537806,7.734121303328305,9.668173363560841,3.772990796732589,7.518607216815252,4.536784273121627
109,51.59243,0.02615,POINT (0.02615 51.59243),E01003668,25877,6,1637.81,0,3.3572454941329726,7.724888439323074,8.93290825545249,5.589306464757314,7.205739105679167,6.753834572708934
110,51.516774,-0.138018,POINT (-0.138018 51.516774),E01004765,15472,130,1904.31,1,3.9764990246125107,7.718685495198466,8.887354385688052,5.401550621189688,5.763873620866492,5.077358926139164
111,51.537815,-0.134883,POINT (-0.134883 51.537815),E01000958,11047,66,1824.35,0,3.017982882488811,7.696212639346407,9.53470677059266,5.094976442530006,6.341328851201348,4.950885289690482
112,51.500089,-0.095638,POINT (-0.095638 51.500089),E01003927,17545,131,2089.24,0,3.388787361585474,7.693481640835175,9.27795322500888,5.093075126369514,5.305640486927818,4.780467127845082
113,51.576415,-0.08861,POINT (-0.08861 51.576415),E01002056,8479,68,1636.88,0,3.091042453358316,7.650644551436897,9.530165525900781,5.275867237710445,6.7058960997751065,5.459457846420514
114,51.61787,-0.10836,POINT (-0.10836 51.61787),E01001498,16629,57,1739.8,0,3.119276459645446,7.649216319820633,9.155340215657306,5.71026144075391,7.396488656273312,4.6133367486544845
115,51.530121,-0.075378,POINT (-0.075378 51.530121),E01001777,6154,92,1908.57,0,3.2816628129669656,7.633369649679584,9.789509456407556,4.831668105114875,6.887552571664617,4.685366727982368
116,51.535078,-0.105265,POINT (-0.105265 51.535078),E01002794,12607,97,1966.97,0,3.2188758248682006,7.620705086838262,9.382365771459225,4.949539728069669,5.621052827057205,4.791068671272389
117,51.543773,-0.025583,POINT (-0.025583 51.543773),E01001849,6227,63,1844.03,0,3.481240089335692,7.612336837167746,8.621140508979861,5.426842498736322,7.021307153666252,4.549551762225079
118,51.524876,-0.080809,POINT (-0.080809 51.524876),E01033708,14243,132,2082.04,0,4.174387269895637,7.600902459542082,8.73759057546242,4.957726660663075,6.201705213066669,4.425445255041403
119,51.4948,0.04501,POINT (0.04501 51.4948),E01001711,9120,42,991.66,0,2.970414465569701,7.600902459542082,7.777629227987952,3.5940191730899764,6.900871641015811,5.72652196162569
120,51.52401,-0.087761,POINT (-0.087761 51.52401),E01002704,12549,146,2048.95,0,3.6933693593867885,7.596392304064196,8.902461034368944,2.9580304063699794,5.329185990210503,3.427514689979529
121,51.511751,-0.304955,POINT (-0.304955 51.511751),E01001221,11345,43,1924.65,0,3.917010546939185,7.595889917718538,8.844826479370246,2.9801108926510342,7.339193480328305,4.577490616881349
122,51.587993,-0.116549,POINT (-0.116549 51.587993),E01033085,8816,51,1941.09,0,3.064791809485486,7.580699752224563,9.746527262782104,3.940221659786825,6.884865290687891,5.016153374780161
123,51.5338,0.05195,POINT (0.05195 51.5338),E01003525,7708,63,1835.85,0,3.505557396986398,7.5766097669730375,9.700663039272756,5.9647354873659575,6.35414392827932,4.532922021780467
124,51.555593,-0.066508,POINT (-0.066508 51.555593),E01001765,3374,71,1996.02,0,3.5076572927632825,7.5745584842024805,9.586474845143998,2.913437030827161,7.883955082610185,4.407694381422459
125,51.55566,-0.066094,POINT (-0.066094 51.55566),E01001765,3374,70,1989.62,0,4.462107803146254,7.5745584842024805,9.586474845143998,3.2733640101522705,7.8905451088064975,4.654055583717902
126,51.51653,-0.21158,POINT (-0.21158 51.51653),E01002831,5299,63,1711.79,0,3.5533460588187404,7.5740450053721995,9.65463060218129,4.895673275626574,4.885903169351665,4.989002993969142
127,51.54593,-0.02075,POINT (-0.02075 51.54593),E01001849,6227,60,1814.86,0,3.4001968813285717,7.741967899820685,8.621140508979861,4.4058652241537235,6.654371568355365,5.315862545763785
128,51.60865,-0.02339,POINT (-0.02339 51.60865),E01004455,8328,31,1519.75,0,2.5771819258971713,7.569411792450712,8.216606882959372,4.49647076906475,8.138874268791058,4.614229030476437
129,51.51685,-0.139711,POINT (-0.139711 51.51685),E01004765,15472,130,1908.03,1,4.130033404630607,7.5652752818989315,8.887354385688052,5.51403340203345,5.460606269591755,4.969882741609291
130,51.536524,-0.078317,POINT (-0.078317 51.536524),E01001754,7318,88,1925.76,0,3.4534735262275262,7.5485559791698735,9.888922495192764,1.749199854809259,7.210973537457894,5.084567060250421
131,51.594193,-0.069168,POINT (-0.069168 51.594193),E01002077,4915,119,1903.67,0,3.068517943279639,7.528331766707247,9.636612831234602,5.945603837892363,6.822317209150024,4.244343779498307
132,51.586764,-0.079109,POINT (-0.079109 51.586764),E01002070,10051,95,1663.47,0,3.1908877883280318,7.523481312573497,9.699689416169322,4.717516245819629,6.385683318243065,5.081031624717987
133,51.54714,0.03438,POINT (0.03438 51.54714),E01003567,7033,47,1832.85,0,3.3203487937988347,7.499423290592229,9.945409901444386,6.112486775355432,7.180983394463768,4.8122656528806935
134,51.52258,-0.26136,POINT (-0.26136 51.52258),E01001238,11044,18,1760.86,0,3.2188758248682006,7.495541943884256,9.190517184468643,4.5885325448350684,7.343730193294873,6.362786695093446
135,51.575193,-0.012687,POINT (-0.012687 51.575193),E01004420,3684,43,1894.24,0,3.2240623515555007,7.490529402060711,9.539788712981133,5.570403451375261,7.401512055268403,4.161068194265009
136,51.529014,-0.103772,POINT (-0.103772 51.529014),E01002727,10165,129,1886.66,0,3.2809112157876537,7.487733761436444,9.484984316231557,4.785406236291025,6.057322509899446,4.639378357317828
137,51.539963,-0.053768,POINT (-0.053768 51.539963),E01001839,4640,84,1987.98,0,2.8898160479624417,7.483806687665835,10.02949754269615,4.090671156855792,7.2600586816427235,4.039360253889341
138,51.52401,-0.087761,POINT (-0.087761 51.52401),E01002704,12549,146,2048.95,0,3.232778730037192,7.4815557019095165,8.902461034368944,2.9580304063699794,5.329185990210503,3.427514689979529
139,51.529535,-0.090033,POINT (-0.090033 51.529535),E01033709,6366,102,1935.76,0,3.445852022202587,7.469083884921234,10.00725234570576,5.441811466186766,6.082538494007354,4.962844630259907
140,51.510305,-0.038717,POINT (-0.038717 51.510305),E01032768,21107,67,1575.54,0,3.246880021277798,7.4673710669175595,9.859620823345344,4.184946706904381,5.495896925730972,5.634360939877696
141,51.63254,-0.14272,POINT (-0.14272 51.63254),E01000116,27318,42,1863.0,0,3.248822901236153,7.465655310134056,8.826859333616943,4.879767018891217,6.94106432182579,3.7534960971999087
142,51.551766,-0.113597,POINT (-0.113597 51.551766),E01033488,6677,69,1635.21,0,3.2188758248682006,7.459914766241105,9.815210283734356,5.443023587547295,4.671893818030999,5.075486266415872
143,51.53684,-0.14128,POINT (-0.14128 51.53684),E01000948,8522,60,1886.84,0,3.6622787723167574,7.457609289715606,8.966262978783769,4.999169815986978,5.671155971829107,4.1089047135534305
144,51.517549,-0.14025,POINT (-0.14025 51.517549),E01004765,15472,121,1918.39,1,4.393461012299545,7.455876687491824,8.887354385688052,5.298767265328402,5.642793203029772,5.210414683372125
145,51.517989,-0.133819,POINT (-0.133819 51.517989),E01000850,19686,141,1852.33,1,3.8975183192252643,7.45298232946546,8.978449927886631,4.539564428890097,5.678396288265786,4.975698724215359
146,51.439918,-0.125521,POINT (-0.125521 51.439918),E01003130,16679,68,1854.41,0,3.1809662517949806,7.452402451223638,9.444974453565862,5.390440655423842,7.57289385512277,4.349115971216622
147,51.50247,-0.15723,POINT (-0.15723 51.50247),E01004691,23381,45,2079.44,0,3.8693242508950307,7.451241684987676,8.20445584061881,1.809926773183504,5.492361610036972,5.3970761385713
148,51.52138,-0.03164,POINT (-0.03164 51.52138),E01004270,12534,70,1822.67,0,3.013080911888604,7.450079569807499,9.04786144167843,4.645544080126364,6.082629784860074,3.8218794555751803
149,51.619301,-0.113256,POINT (-0.113256 51.619301),E01001527,18129,51,1788.76,0,3.158276202739271,7.438383530044307,8.562904334547408,3.1880041612011136,7.248617863904643,5.185764380308706
150,51.50375,-0.09638,POINT (-0.09638 51.50375),E01003929,12077,130,2023.91,0,3.2895206644375325,7.424761761823209,9.079946908042587,4.652626127144386,5.867940060822485,4.79081953287472
151,51.531278,-0.068542,POINT (-0.068542 51.531278),E01001774,8923,85,1998.29,0,3.676300671907076,8.613593685702552,9.31325249275999,3.840527003723076,6.920128415045278,5.17105201550216
152,51.426949,-0.332969,POINT (-0.332969 51.426949),E01003886,31939,43,1886.34,0,3.490428515390098,7.424761761823209,8.958606998807264,3.5148236417370144,8.433170072405767,4.245490733029061
153,51.530348,-0.121593,POINT (-0.121593 51.530348),E01000938,6387,95,1966.73,0,4.856862320706717,7.421775793644647,9.754310400854724,4.768478803600115,4.743365684739491,4.246922577489038
154,51.542716,-0.025407,POINT (-0.025407 51.542716),E01004224,7452,57,1851.99,0,3.3843902633457743,7.419380582918692,8.500417259054247,5.399790335478671,7.031555729186089,3.6888794541139363
155,51.547127,-0.051581,POINT (-0.051581 51.547127),E01001731,7474,80,2019.52,0,3.5183876490735586,7.414572881350589,9.642736885519767,4.657477965611436,7.710097613567479,4.937204016010373
156,51.528637,-0.198149,POINT (-0.198149 51.528637),E01004678,10961,79,1781.16,0,3.3655702040190043,7.403061091090091,10.048389739450057,5.324180026073764,6.630472281567279,4.712049547615187
157,51.50091,-0.07183,POINT (-0.07183 51.50091),E01032638,29878,72,1587.18,0,3.3985271531062766,7.390798521735676,10.18433947754575,3.7628266990660193,6.47818700952308,5.025655260852641
158,51.51862,-0.22461,POINT (-0.22461 51.51862),E01002876,14225,59,1532.82,0,3.3253956682458736,7.388946097618437,9.55808102371961,5.27151127212753,6.608472848464035,5.280865972934281
159,51.44324,-0.04277,POINT (-0.04277 51.44324),E01003229,6878,56,1614.85,0,2.8524391037275145,7.387090235656757,8.974357244957774,5.090431817622808,8.059244607251014,4.604169685654508
160,51.547385,-0.052072,POINT (-0.052072 51.547385),E01001760,4504,79,1933.9,0,3.5553480614894135,7.38025578842646,9.535145526398123,4.262820712194002,7.721095921119674,4.7917327370393
161,51.576126,-0.014409,POINT (-0.014409 51.576126),E01004365,8358,49,1781.69,0,2.9290581402859983,7.3796321526095525,9.925512219077472,5.9593028602995854,7.491539500338185,4.17638527255831
162,51.54731,-0.052,POINT (-0.052 51.54731),E01001731,7474,79,1916.08,0,3.5553480614894135,7.3777589082278725,9.535145526398123,4.386640972224627,7.717644954023219,4.7961210694801
163,51.539773,-0.057871,POINT (-0.057871 51.539773),E01033712,6490,93,1960.59,0,3.624340932976365,7.366445148327599,9.159793115022962,4.671051555101604,7.24854674571329,4.784737954585425
164,51.483275,-0.185745,POINT (-0.185745 51.483275),E01002897,18277,76,1878.87,0,3.7839623353606284,7.365180126021013,9.279146959446678,3.803546529092062,6.702500760503668,4.422568589986818
165,51.48898,-0.19206,POINT (-0.19206 51.48898),E01002849,16808,48,1919.09,0,3.501344330267094,7.357556200910353,10.083495184269184,3.667400422436812,5.735410332336513,4.208417018481948
166,51.52414,-0.14007,POINT (-0.14007 51.52414),E01000851,18953,75,1910.06,1,3.6477970090127063,7.354362330421477,9.1015707184726,4.37424644735492,5.028082207699977,4.743801054157313
167,51.515442,-0.124714,POINT (-0.124714 51.515442),E01000919,12962,141,1886.21,1,3.7393348976024297,7.3427791893318455,9.271272711148658,4.707636517532581,5.5688405639090215,5.090985646749915
168,51.449498,-0.108826,POINT (-0.108826 51.449498),E01003074,11024,61,1778.85,0,3.757005283161537,7.325148957955575,8.071696401408511,0.0,7.325405841954103,5.7853931831429195
169,51.527933,-0.056069,POINT (-0.056069 51.527933),E01004203,8880,69,1943.67,0,3.5553480614894135,7.323830566202317,9.748544558911174,2.613739521630969,4.489422577443778,4.452252079563379
170,51.466827,-0.169597,POINT (-0.169597 51.466827),E01004536,11674,90,1685.32,0,2.987700101856727,7.321188556739478,9.68719609690329,4.443709519861466,7.695353179207238,4.47403591796329
171,51.52939,-0.07541,POINT (-0.07541 51.52939),E01001777,6154,89,1857.54,0,3.4011973816621555,7.313220387090301,9.789509456407556,3.882182163417125,6.847346883787042,4.524502282920636
172,51.551766,-0.113597,POINT (-0.113597 51.551766),E01033488,6677,69,1635.21,0,3.5553480614894135,7.313220387090301,9.815210283734356,5.443023587547295,4.671893818030999,5.075486266415872
173,51.506166,0.076008,POINT (0.076008 51.506166),E01003482,9464,33,871.27,0,3.21124679770371,8.222285073872717,7.51727625547469,2.596000697293587,6.076402943624172,5.817081397615548
174,51.5498,-0.16455,POINT (-0.16455 51.5498),E01000849,27430,74,1815.3,0,3.774368840129351,7.307872780763706,9.804115183200532,5.321936232146671,4.044804116661965,4.539564428890097
175,51.48025,-0.11176,POINT (-0.11176 51.48025),E01003100,17071,76,2006.87,0,3.3593331775634567,7.286191714702382,9.904471568233841,4.504797211841304,6.893859173790026,3.559055466277736
176,51.545895,-0.020845,POINT (-0.020845 51.545895),E01001849,6227,60,1835.39,0,3.3965197921110444,7.272398392570047,8.621140508979861,4.495132080779154,6.662327774427192,5.3171391207886245
177,51.55566,-0.066094,POINT (-0.066094 51.55566),E01001765,3374,70,1989.62,0,3.3881121421135,7.258412150595307,9.586474845143998,3.2733640101522705,7.8905451088064975,4.654055583717902
178,51.521616,-0.167632,POINT (-0.167632 51.521616),E01033603,4851,84,1858.53,0,3.3141860046725258,7.252053951852814,10.197175677491234,3.1514531485507664,5.763936397475948,5.483343595749118
179,51.533937,0.035806,POINT (0.035806 51.533937),E01003491,8256,60,1897.18,0,3.6658666798048634,7.249215057114389,9.894754026076134,5.656131661180195,5.075861079013963,4.120824195026479
180,51.51818,-0.16683,POINT (-0.16683 51.51818),E01004663,16131,113,1947.84,0,3.912023005428146,7.24422751560335,9.692939345791622,5.581125078583557,6.264654615906327,4.282620578207235
181,51.525304,-0.080556,POINT (-0.080556 51.525304),E01033706,6887,128,1921.81,0,3.922765101960048,7.233455418621439,9.300925771199337,5.20872083273628,6.219834417393773,4.363608049149864
182,51.45041,0.0531,POINT (0.0531 51.45041),E01001615,14143,52,1468.48,0,3.588506479967149,7.231287004327616,7.717146533826883,4.499365127091115,8.42156075969434,4.061132428015987
183,51.527332,-0.144581,POINT (-0.144581 51.527332),E01000944,12258,45,1773.89,0,4.124226936703971,7.226209010100671,10.181041255786855,4.506123032386857,5.964016266148753,5.818924990168645
184,51.52435,-0.139672,POINT (-0.139672 51.52435),E01000851,18953,71,1937.86,1,3.966511190712216,7.224753405767971,9.1015707184726,4.050740924739968,4.758577732617404,4.432125465974346
185,51.479813,-0.026459,POINT (-0.026459 51.479813),E01003253,5562,60,1607.98,0,3.1523085805960878,7.221105098182496,9.186456407341904,3.663305202994506,6.527021807093156,5.38467853219608
186,51.56275,-0.073904,POINT (-0.073904 51.56275),E01001831,8414,56,1847.44,0,2.9851767596144745,7.218176838403408,9.661421723804045,3.821222641101649,7.482389157305955,3.9961803134348695
187,51.495602,-0.083908,POINT (-0.083908 51.495602),E01003941,15923,97,1985.44,0,3.2499868198932536,7.213031659834869,9.936517991570007,5.605471129189412,6.8065859679427785,4.2761104090823325
188,51.55109,-0.109818,POINT (-0.109818 51.55109),E01033491,8440,72,1940.57,0,3.3867603338643857,7.197435354096591,9.240836598775667,5.44375880219821,5.6899877636340115,4.354269957628839
189,51.528314,-0.049908,POINT (-0.049908 51.528314),E01004259,10040,68,1914.62,0,3.6921241842788253,7.192182058713246,9.483666641216134,5.574546604953836,6.004430129498005,4.627322990629224
190,51.530121,-0.075378,POINT (-0.075378 51.530121),E01001777,6154,92,1908.57,0,3.629129449708162,7.190676034332207,9.789509456407556,4.831668105114875,6.887552571664617,4.685366727982368
191,51.462406,-0.198897,POINT (-0.198897 51.462406),E01033093,21599,65,1444.75,0,5.767945925463689,7.180069874302796,9.0130058829611,3.5959414584546674,6.815420667779341,5.2821371703189985
192,51.601167,-0.087073,POINT (-0.087073 51.601167),E01002096,3397,63,1740.59,0,2.5087859235779435,7.171656822768514,9.102746252570594,5.438948496287782,7.397058958272868,5.215424768458471
193,51.49498,-0.09919,POINT (-0.09919 51.49498),E01032720,2298,116,2111.14,0,3.475376779836407,7.170119543449628,10.192907114678109,5.447556002014275,4.686750172980514,3.493472657771326
194,51.49498,-0.09919,POINT (-0.09919 51.49498),E01032720,2298,116,2111.14,0,3.475376779836407,7.170119543449628,10.192907114678109,5.447556002014275,4.686750172980514,3.493472657771326
195,51.545005,-0.021077,POINT (-0.021077 51.545005),E01001849,6227,60,1929.48,0,3.389124800427886,7.156176637480615,8.621140508979861,4.3052805704285655,6.679410725875863,5.303006356034168
196,51.591186,-0.141435,POINT (-0.141435 51.591186),E01001997,19221,54,2002.56,0,3.269949095052201,7.152268856032539,9.08181585258771,4.961655111874538,7.345377751889358,4.165113633110308
197,51.54593,-0.02075,POINT (-0.02075 51.54593),E01001849,6227,60,1814.86,0,3.4001968813285717,7.741967899820685,8.621140508979861,4.4058652241537235,6.654371568355365,5.315862545763785
198,51.545005,-0.021077,POINT (-0.021077 51.545005),E01001849,6227,60,1929.48,0,3.522824869783854,7.1459844677143876,8.621140508979861,4.3052805704285655,6.679410725875863,5.303006356034168
199,51.520534,-0.139467,POINT (-0.139467 51.520534),E01004763,11768,109,1912.53,1,3.4011973816621555,7.142036574706803,8.921294703583223,3.537765824444175,5.875323911973168,5.762994334288047
200,51.56186,-0.00031,POINT (-0.00031 51.56186),E01004374,16899,59,1660.13,0,3.3386125064705343,7.124478262493424,9.61992498326756,4.579852378003801,6.533498097998166,5.004214726293333
201,51.535042,-0.21965,POINT (-0.21965 51.535042),E01000586,13162,52,1878.64,0,4.159195534541717,7.124478262493424,9.678082696398274,5.98406221734122,6.434626772388876,4.433313679041901
202,51.551106,-0.114948,POINT (-0.114948 51.551106),E01033487,23623,72,1539.17,0,3.5553480614894135,7.116394144093465,10.808236533920361,5.654171974102867,5.365415110080531,5.489805118458235
203,51.494501,-0.201095,POINT (-0.201095 51.494501),E01002814,10748,47,1819.14,0,3.6888794541139363,7.112327444710911,9.721713245973447,5.566204811671638,6.381460624312215,6.076402943624172
204,51.467738,-0.253638,POINT (-0.253638 51.467738),E01003857,29987,44,1583.35,0,3.4901235908565567,7.106606137727303,9.414496803377656,5.321056853517526,8.02270340826607,5.675588740285419
205,51.494659,-0.212032,POINT (-0.212032 51.494659),E01001866,19847,63,1837.09,0,3.912023005428146,7.090076835776092,9.230836876131184,4.619368905387905,5.882960205916445,4.212423850287702
206,51.52085,-0.10835,POINT (-0.10835 51.52085),E01000916,14830,145,1931.71,0,3.6783239401744194,7.090076835776092,9.512680242108685,5.19794439240125,5.518817426916829,4.944353031302275
207,51.594261,-0.069215,POINT (-0.069215 51.594261),E01002077,4915,119,1903.67,0,3.5142284036242013,7.0825485693553,9.636612831234602,5.934312015603673,6.830755437093269,4.210645017918261
208,51.473473,-0.191651,POINT (-0.191651 51.473473),E01001935,17011,69,1539.47,0,3.3813347525659037,7.081708586105575,9.843818224281467,4.5110792625884955,6.535792642927974,4.480060374945247
209,51.54593,-0.02075,POINT (-0.02075 51.54593),E01001849,6227,60,1814.86,0,3.3965197921110444,7.080867896690782,8.621140508979861,4.4058652241537235,6.654371568355365,5.315862545763785
210,51.514201,-0.133097,POINT (-0.133097 51.514201),E01004763,11768,150,1836.71,1,4.0715875750994845,7.077498053569231,8.921294703583223,4.51830425296643,5.739632127549898,5.453610250954072
211,51.492087,-0.120048,POINT (-0.120048 51.492087),E01003109,9248,102,1868.29,0,3.055886196373738,7.0707241072602764,9.376981294376497,4.143928062410929,6.635710307309755,5.156408120365343
212,51.527161,-0.059531,POINT (-0.059531 51.527161),E01004203,8880,70,1933.72,0,3.644666299437611,7.069874128458572,9.748544558911174,4.260282639765531,5.63913728116267,4.6179876896987055
213,51.518246,-0.127816,POINT (-0.127816 51.518246),E01000855,19276,105,1953.32,1,4.256605125012738,7.0587581525186645,8.64029892523716,5.222677452339291,5.597495604138244,4.7129477781615225
214,51.6194,-0.107385,POINT (-0.107385 51.6194),E01001498,16629,47,1852.22,0,3.0819099697950434,7.044905117129371,9.155340215657306,5.8822075611710325,7.497040820007992,4.2781927309286685
215,51.46891,-0.06111,POINT (-0.06111 51.46891),E01004068,6118,65,1894.32,0,3.2741212990941793,7.038783541388542,9.240804589448341,1.8309801823813363,7.920243069994124,6.052253861244245
216,51.413331,-0.051484,POINT (-0.051484 51.413331),E01000799,14874,61,1905.3,0,2.8735646395797834,7.029972911706386,9.049535267159204,4.751864565138895,6.556678919396189,3.752558230777119
217,51.413331,-0.051484,POINT (-0.051484 51.413331),E01000799,14874,61,1905.3,0,2.8735646395797834,7.029972911706386,9.049535267159204,4.751864565138895,6.556678919396189,3.752558230777119
218,51.633507,-0.130934,POINT (-0.130934 51.633507),E01001519,20796,47,1799.67,0,3.4137844971676268,7.020190708311925,9.002701007197938,5.278879672655561,5.540478923698008,4.513712575499256
219,51.49782,-0.22297,POINT (-0.22297 51.49782),E01001856,7267,97,1739.45,0,3.4193646856176043,7.014814351275545,9.879626119420372,4.263383854543109,6.208348548251047,5.666357481565465
220,51.515247,-0.080362,POINT (-0.080362 51.515247),E01032739,20391,158,1906.94,0,4.757805432411685,7.007600613951853,7.275795393999566,3.571783682237689,5.722735067572888,4.673949701382917
221,51.47253,-0.00912,POINT (-0.00912 51.47253),E01003204,13701,75,1878.98,0,3.1450139762697455,6.470799503782602,8.718782918984434,4.078384542643371,6.541621454837154,5.06158186171436
222,51.586926,-0.079954,POINT (-0.079954 51.586926),E01002070,10051,99,1545.61,0,3.398192872641857,6.9975959829819265,9.699689416169322,4.401951803481151,6.477187724313131,5.183635766464422
223,51.515583,-0.090953,POINT (-0.090953 51.515583),E01032739,20391,165,1875.79,0,3.828641396489095,6.99117688712121,7.275795393999566,3.464485120898074,5.630064170161918,4.925367850116552
224,51.517437,-0.074217,POINT (-0.074217 51.517437),E01004310,5125,136,1979.6,0,3.603049197508743,6.98100574072173,10.055769057973423,4.733387483788845,5.692249558842477,4.272630207894483
225,51.471546,-0.113029,POINT (-0.113029 51.471546),E01003186,14548,81,1947.5,0,3.327909585892323,6.98100574072173,9.366131419949374,2.4414770918606643,6.507203082734617,5.2526398530513845
226,51.50816,0.02154,POINT (0.02154 51.50816),E01033575,14272,58,1392.67,0,3.34109345759245,6.967909201801884,8.85098469522472,4.458292990127331,5.508659326025038,4.89910765260238
227,51.52354,-0.139027,POINT (-0.139027 51.52354),E01000854,18104,82,1848.89,1,4.174387269895637,6.964135612418245,9.1015707184726,3.5743099993708003,5.105642397674591,4.853357507741732
228,51.523261,-0.083355,POINT (-0.083355 51.523261),E01033708,14243,139,1978.68,0,3.8575668196320874,6.962243464266207,8.73759057546242,4.497250843768597,6.040802180436441,5.495650680962429
229,51.4932,-0.20904,POINT (-0.20904 51.4932),E01001866,19847,43,1724.89,0,2.942331496826876,6.961296045910167,9.230836876131184,4.760634288612163,5.853466048950692,4.595725727160092
230,51.52401,-0.087761,POINT (-0.087761 51.52401),E01002704,12549,146,2048.95,0,4.202600880991953,6.953684210870537,8.902461034368944,2.9580304063699794,5.329185990210503,3.427514689979529
231,51.604694,-0.145805,POINT (-0.145805 51.604694),E01000157,21431,47,1563.41,0,3.7103962975761857,6.946975992135418,9.424066922191624,5.826943614939534,7.325405841954103,5.5350481913707625
232,51.551766,-0.113597,POINT (-0.113597 51.551766),E01033488,6677,69,1635.21,0,3.5553480614894135,6.9440872082295275,9.815210283734356,5.443023587547295,4.671893818030999,5.075486266415872
233,51.53113,-0.07692,POINT (-0.07692 51.53113),E01001777,6154,89,1963.24,0,3.7800903341673204,6.934397209928558,9.789509456407556,5.189952341869912,6.8590166134866255,4.428313668625195
234,51.539023,-0.07597,POINT (-0.07597 51.539023),E01033707,6864,88,1944.67,0,2.970414465569701,6.918695219020472,9.419201614957123,3.6378492830011573,7.4243442626372325,4.464988155388229
235,51.47771,-0.20172,POINT (-0.20172 51.47771),E01001950,24876,72,1748.3,0,3.894062680051153,6.915723448631314,9.543360944165945,5.801483732946538,5.611923000978106,4.733387483788845
236,51.544655,-0.046534,POINT (-0.046534 51.544655),E01001730,2897,73,1958.76,0,2.70805020110221,6.907755278982137,9.96998197215659,5.422480009168459,7.618835693552107,4.906385272722456
237,51.536442,-0.022898,POINT (-0.022898 51.536442),E01032764,12594,62,1836.88,0,4.513054897080286,6.907755278982137,9.001634592626147,3.8842406244156944,6.6129143093318765,4.502915951949335
238,51.551766,-0.113597,POINT (-0.113597 51.551766),E01033488,6677,69,1635.21,0,3.5553480614894135,6.901737206656574,9.815210283734356,5.443023587547295,4.671893818030999,5.075486266415872
239,51.516625,-0.139064,POINT (-0.139064 51.516625),E01004765,15472,127,1912.19,1,4.007333185232471,6.897704943128636,8.887354385688052,5.5602584645701585,5.520900761003683,4.95660140560377
240,51.596097,-0.071903,POINT (-0.071903 51.596097),E01001978,4152,92,1954.78,0,3.3253956682458736,6.8966943316227125,9.555527381555116,5.693967801267809,7.0919833505546075,4.058544658090914
241,51.55514,-0.14478,POINT (-0.14478 51.55514),E01000928,14085,69,1880.72,0,4.05871738457895,6.8966943316227125,8.82234576209928,4.8890701151444125,6.173556910972577,4.696107180980193
242,51.559447,-0.074292,POINT (-0.074292 51.559447),E01001830,6903,62,1918.01,0,3.349202086543775,6.890609120147166,9.813829767805588,4.975629684897441,7.58334421174094,4.944495491591711
243,51.546197,-0.001925,POINT (-0.001925 51.546197),E01033583,9402,69,1839.7,0,3.2902658209548736,7.791935956938058,9.476640726023412,5.461201229449516,6.213567557246944,4.950672952923573
244,51.58541,-0.14738,POINT (-0.14738 51.58541),E01002022,19545,46,1844.93,0,3.0170044088295307,6.88653164253051,9.254877696103913,2.6623552418400807,6.78307601893791,4.645448032486661
245,51.51544,-0.20514,POINT (-0.20514 51.51544),E01002833,15083,74,1808.31,0,4.121635422458004,6.880384082186005,9.72557605711081,4.5107496103686,6.054509766325031,4.631812116934513
246,51.519272,-0.13985,POINT (-0.13985 51.519272),E01004765,15472,108,1826.99,1,3.800197190245889,6.871091294610546,8.887354385688052,4.422808628394115,6.016425416397235,5.746299032592525
247,51.515131,-0.123892,POINT (-0.123892 51.515131),E01000918,13788,141,1951.31,0,3.9611940494345954,6.858565034791365,9.389885578273365,4.8633719531173645,5.43599017167311,5.223917043971786
248,51.581009,-0.122351,POINT (-0.122351 51.581009),E01001990,18313,62,1733.92,0,3.6888794541139363,6.856461984594587,9.42661800673701,5.813354111085492,7.422194366317963,4.790653406119625
249,51.577309,-0.125361,POINT (-0.125361 51.577309),E01001990,18313,72,1855.52,0,3.740285242173836,6.856461984594587,9.42661800673701,5.629202596300466,7.257742912621014,4.441591872011272
250,51.524982,-0.091956,POINT (-0.091956 51.524982),E01002706,10815,117,1965.86,0,4.063885354737392,6.851184927493743,9.633754102192857,4.716801002159277,5.731170637975067,4.548917244437293
251,51.574912,-0.113016,POINT (-0.113016 51.574912),E01002062,18183,70,1806.23,0,3.0430928449138284,6.835184586147301,9.054087651074443,4.0814281702888735,7.140159814693942,4.545420181582317
252,51.60229,-0.19204,POINT (-0.19204 51.60229),E01000296,22036,48,1831.26,0,3.4255647381104497,6.831953565565855,8.99576500867682,6.074656137994746,6.726736872718575,5.763434074220378
253,51.519404,-0.133893,POINT (-0.133893 51.519404),E01000850,19686,134,1845.78,1,3.5647324613710536,6.824373670043086,8.978449927886631,3.3090820927543496,4.915518428938784,4.858959327416688
254,51.61902,-0.10716,POINT (-0.10716 51.61902),E01001498,16629,51,1836.86,0,3.2857865301508276,6.8001700683022,9.155340215657306,5.909277876120035,7.484902208779911,4.418720118610357
255,51.51371,-0.07319,POINT (-0.07319 51.51371),E01032767,22328,123,1998.33,0,4.207524426932059,6.794586580876499,9.482451595513862,4.016743316198549,5.065754593317335,4.414977734813568
256,51.53736,-0.14573,POINT (-0.14573 51.53736),E01000863,6114,62,2007.85,0,3.9322177127136655,6.782192056006791,9.148320276939748,5.609435164477434,5.703649132433188,4.875044639789907
257,51.53577,-0.10239,POINT (-0.10239 51.53577),E01002801,17133,97,1960.45,0,4.225665179549459,6.776506992372183,9.529983214003844,3.816612820623488,6.052630199011829,4.152298955482657
258,51.56383,-0.10858,POINT (-0.10858 51.56383),E01002734,4096,57,1607.7,0,3.5325179989895132,6.776506992372183,9.931115851778593,5.169858799644233,4.858105522110037,4.782395445357297
259,51.520957,-0.075359,POINT (-0.075359 51.520957),E01004307,19910,137,2013.14,0,4.1420229975388425,6.773080375655535,9.411349555599298,4.468089645439724,6.510496407421072,4.153242203469586
260,51.514871,-0.135493,POINT (-0.135493 51.514871),E01004763,11768,136,1946.17,1,4.391234115424795,6.7650389767805414,8.921294703583223,5.281933887297512,5.977593791422191,4.871756295145138
261,51.546177,-0.141536,POINT (-0.141536 51.546177),E01000866,12432,94,2005.76,0,4.059407992341204,6.760414691083428,9.61328229953991,4.989820154382335,6.139043681552201,3.8353579204926604
262,51.604935,-0.068399,POINT (-0.068399 51.604935),E01002034,1966,62,1813.06,0,3.840956556994286,6.755768921984255,9.058133967486741,5.638817195803842,7.578569934752251,4.229312422632585
263,51.521044,-0.171823,POINT (-0.171823 51.521044),E01004702,3687,96,1918.39,0,3.9632862993656874,6.75110146893676,9.858357855674308,4.90845490166728,6.308935977745515,4.965498448424726
264,51.468894,-0.111591,POINT (-0.111591 51.468894),E01003045,4629,98,1885.09,0,3.1188344706879745,6.733401891837359,9.767072577810618,2.2710944259026746,6.598958518859292,4.8610519458900745
265,51.586127,-0.092176,POINT (-0.092176 51.586127),E01002043,9360,78,1808.1,0,3.006672213592325,6.7226297948554485,9.708144583943717,4.906681196376314,6.775628613551939,4.460606734796738
266,51.5362,-0.14059,POINT (-0.14059 51.5362),E01000947,10959,56,1869.35,0,4.048300623720694,6.720220155135295,9.355106295268676,4.963334020978243,5.924843859766086,3.9207845110967185
267,51.468628,-0.171455,POINT (-0.171455 51.468628),E01004541,4700,91,1536.1,0,2.7536607123542622,6.71901315438526,9.796251946661584,5.223162692947276,7.692186362944715,4.772378104971998
268,51.531408,-0.105877,POINT (-0.105877 51.531408),E01002707,10377,116,1913.43,0,3.878879786834892,6.717804695023691,9.680975052067444,4.3292849234158215,4.907494535176743,3.764682417529437
269,51.529985,-0.120872,POINT (-0.120872 51.529985),E01000938,6387,99,1968.06,0,4.103139109903596,6.716594773520978,9.754310400854724,4.811452380226889,5.17230052596455,4.5148077459077
270,51.524902,-0.071952,POINT (-0.071952 51.524902),E01004317,9244,78,1945.4,0,4.198554416122531,6.716594773520978,9.576459479082871,3.538347219809389,6.933627683149529,4.976112860057833
271,51.5159,-0.16476,POINT (-0.16476 51.5159),E01004686,11469,100,1955.49,0,4.574401652316455,6.715383386334681,10.069379038566407,5.866298070815087,6.19348660180008,4.552823705615882
272,51.580086,-0.122862,POINT (-0.122862 51.580086),E01001990,18313,64,1631.6,0,4.017463517886143,6.697034247666484,9.42661800673701,6.061177159519282,7.38840825214022,3.962525987601253
273,51.553288,-0.04499,POINT (-0.04499 51.553288),E01001796,8807,53,1814.36,0,3.2188758248682006,6.693323668269949,9.670903958899409,5.939987025225273,7.8674809087693705,5.130253681500782
274,51.526286,-0.136421,POINT (-0.136421 51.526286),E01000945,8263,69,1889.99,0,3.785098311854479,6.692083742506628,9.008718557677211,4.2504932447120325,4.467516020689296,4.612542940317504
275,51.51535,-0.13567,POINT (-0.13567 51.51535),E01004763,11768,134,1969.91,1,4.30999343177405,6.692083742506628,8.921294703583223,5.070851989584804,5.955474609374827,4.37462430490712
276,51.53113,-0.066111,POINT (-0.066111 51.53113),E01004318,5572,80,2007.65,0,3.912023005428146,6.684611727667927,9.81104545584651,2.9831534913471307,6.752562389576435,5.124083019936701
277,51.49273,0.05039,POINT (0.05039 51.49273),E01001711,9120,47,971.24,0,3.258096538021482,6.684611727667927,7.777629227987952,5.343768629451954,7.084980538351343,4.9210752173836125
278,51.55035,-0.109,POINT (-0.109 51.55035),E01002739,16660,72,1965.97,0,3.340385242265398,6.680854678790215,9.646310113203963,5.17082484603276,5.9714659006012925,4.923696641734853
279,51.51315,-0.13317,POINT (-0.13317 51.51315),E01033596,10393,153,1873.75,1,4.885752111949565,6.678342114654332,8.218552626754033,4.438643235092778,5.8503617061299815,5.297567085157333
280,51.552083,-0.196713,POINT (-0.196713 51.552083),E01000874,30591,61,1809.17,0,3.3253956682458736,6.673297967767654,9.754974203061407,5.163642463221435,6.582579002102776,4.049870072120271
281,51.551766,-0.113597,POINT (-0.113597 51.551766),E01033488,6677,69,1635.21,0,3.5553480614894135,6.670766320845874,9.815210283734356,5.443023587547295,4.671893818030999,5.075486266415872
282,51.606956,-0.067803,POINT (-0.067803 51.606956),E01002034,1966,68,1797.46,0,3.652215469742345,6.656726524178391,9.058133967486741,5.388569320525063,7.6785854622234675,4.989275454974846
283,51.551509,0.005686,POINT (0.005686 51.551509),E01003615,9394,55,1864.54,0,3.064791809485486,6.646390514847729,9.660807526004131,5.847045527362495,6.8664331594201995,4.477223171657469
284,51.44324,-0.04277,POINT (-0.04277 51.44324),E01003229,6878,56,1614.85,0,3.173878458937465,6.6240652277998935,8.974357244957774,5.090431817622808,8.059244607251014,4.604169685654508
285,51.500608,-0.094175,POINT (-0.094175 51.500608),E01003939,13960,131,2049.37,0,3.6224725219163374,6.617402977974478,9.079946908042587,4.882574624028738,4.470609692592396,3.6299253112702656
286,51.619725,-0.016744,POINT (-0.016744 51.619725),E01004414,13165,7,1390.14,0,3.1912990570979662,6.606650186198215,8.733147763833294,4.770091228101879,8.240875630910157,6.694215463810622
287,51.509865,-0.118092,POINT (-0.118092 51.509865),E01004735,5794,154,2013.24,0,2.60638654732571,6.6039438246004725,8.423440597944273,2.702702594775615,5.691237447153906,4.516011049668273
288,51.465569,-0.115717,POINT (-0.115717 51.465569),E01003061,4907,98,1824.82,0,3.526654599019104,6.5998704992128365,9.70414536310781,3.993234260852969,5.810302318033874,4.398146016553765
289,51.4172,-0.056886,POINT (-0.056886 51.4172),E01000806,10370,62,1801.48,0,3.1445832202863455,6.595780513961311,9.259014338918789,4.5715099844954565,7.1448175144335515,4.950106501021434
290,51.42552,-0.17011,POINT (-0.17011 51.42552),E01004526,12185,61,1855.94,0,3.9189986191645714,6.5722825426940075,9.751024364759596,6.116377658806779,5.578105866568199,4.306629370201435
291,51.580392,-0.122593,POINT (-0.122593 51.580392),E01001990,18313,62,1797.48,0,3.9744342655495433,6.570882962339584,9.42661800673701,5.9708025506598865,7.403505842874145,4.328625857946767
292,51.58123,-0.19836,POINT (-0.19836 51.58123),E01000211,19377,81,1785.18,0,3.7630588522881876,6.556778356158042,8.952125188156906,6.0473012545453795,6.949194682866,4.757376118877422
293,51.523551,-0.069549,POINT (-0.069549 51.523551),E01004317,9244,86,1819.71,0,3.475376779836407,6.523562306149512,9.382009559879256,4.418720118610357,6.688952293766348,5.534219183960909
294,51.483754,-0.031947,POINT (-0.031947 51.483754),E01003252,4413,53,1534.11,0,2.834976494674597,6.51471269087253,9.984603837565365,4.031582240485785,7.131674529364019,4.551980357473973
295,51.589665,-0.105364,POINT (-0.105364 51.589665),E01002003,5261,70,1936.16,0,3.7252113833613265,6.51471269087253,9.379126571047307,4.73795129722191,5.203237160297767,4.683888940699482
296,51.558593,-0.072903,POINT (-0.072903 51.558593),E01001832,8976,63,1827.27,0,3.732657076459824,6.507277712385012,9.724103078289358,5.089631300322754,7.649697385604939,5.253110773709958
297,51.53815,-0.14469,POINT (-0.14469 51.53815),E01000863,6114,69,2018.46,0,4.05560373390567,6.502790045915623,9.148320276939748,5.712015159582678,5.230627217578086,4.788324729085938
298,51.56138,-0.11229,POINT (-0.11229 51.56138),E01002730,7841,62,1820.48,0,3.664586761544892,6.501289670540389,9.452312743256755,5.2501245239465515,6.1161349216127325,5.276174001862347
299,51.515804,-0.090929,POINT (-0.090929 51.515804),E01032739,20391,165,1955.67,0,4.90779013080408,6.499787040655854,7.275795393999566,1.9947003132247452,5.701747071294131,4.955193053846446
300,51.549466,-0.075573,POINT (-0.075573 51.549466),E01033699,6411,98,1993.54,0,4.085808231199814,6.498282149476434,9.649895747285466,5.122772794033106,7.577567300195024,4.404888303817144
301,51.546069,-0.054687,POINT (-0.054687 51.546069),E01001731,7474,84,2007.46,0,3.6389010843076948,6.48768401848461,9.642736885519767,4.748491005432314,7.6484203861890245,4.319086834900007
302,51.632614,-0.142618,POINT (-0.142618 51.632614),E01000116,27318,42,1842.2,0,3.629394807279044,6.476972362889683,8.826859333616943,4.95547488291898,6.934436157563468,3.9598603348423063
303,51.47253,-0.00912,POINT (-0.00912 51.47253),E01003204,13701,75,1878.98,0,3.1450139762697455,6.470799503782602,8.718782918984434,4.078384542643371,6.541621454837154,5.06158186171436
304,51.58541,-0.14738,POINT (-0.14738 51.58541),E01002022,19545,46,1844.93,0,3.4339872044851463,6.4692503167957724,9.254877696103913,2.6623552418400807,6.78307601893791,4.645448032486661
305,51.53,0.037896,POINT (0.037896 51.53),E01003492,10800,58,1877.17,0,3.6054978451748854,6.467698726104354,9.985655845705205,5.475542625917242,6.431218354162873,4.020698022053802
306,51.596675,-0.006411,POINT (-0.006411 51.596675),E01004345,13646,14,1670.72,0,5.834137996203326,6.448889394146858,9.429104748686674,5.778580684731388,7.87344551315106,6.456753956861812
307,51.58247,-0.09886,POINT (-0.09886 51.58247),E01002044,11412,80,1776.41,0,3.570658822726505,6.428105272684596,9.897302464252103,5.767383056065796,6.816319583659694,4.144879235596148
308,51.580699,-0.032688,POINT (-0.032688 51.580699),E01004444,6152,54,1651.68,0,3.714790835898437,6.411818267709897,9.593011663639038,4.7170692784855,7.639199669474427,3.902982260775997
309,51.459908,-0.129884,POINT (-0.129884 51.459908),E01003057,5352,51,1923.4,0,3.4503049557691834,6.401917196727186,9.8093708103018,6.511997898043821,6.365438988124776,3.987501466604052
310,51.519698,-0.159441,POINT (-0.159441 51.519698),E01004662,22170,86,1970.84,0,4.426163130161966,6.393590753950631,9.63277402981442,5.803326104992462,5.9677608204087464,5.0670156275323635
311,51.546275,-0.190323,POINT (-0.190323 51.546275),E01000973,13867,80,1927.51,0,4.211386582653765,6.385194398997726,9.354856214034239,4.664853188149265,4.1555964382538635,4.100326633899648
312,51.546275,-0.190323,POINT (-0.190323 51.546275),E01000973,13867,80,1927.51,0,4.237000862623624,6.385194398997726,9.354856214034239,4.664853188149265,4.1555964382538635,4.100326633899648
313,51.506088,-0.028062,POINT (-0.028062 51.506088),E01004277,27157,72,1809.71,0,4.086312390524837,6.376726947898627,8.294964221744706,3.4572626055951043,5.948739701647985,4.875120984409557
314,51.570892,-0.116202,POINT (-0.116202 51.570892),E01002805,12161,64,1928.85,0,3.3762213955919784,6.364750756851911,9.312022028923957,5.747831257490882,6.900710522855432,4.120012308970678
315,51.634254,-0.102737,POINT (-0.102737 51.634254),E01001569,24037,37,1940.56,0,3.5403794457954922,6.363028103540465,8.700985333036746,5.62376476667017,7.466044473095233,3.872866290226952
316,51.46069,-0.30244,POINT (-0.30244 51.46069),E01003876,28654,60,1726.02,0,3.8640924716705958,6.320768294250582,8.290382925914404,4.549657476057832,5.682695022325716,4.560904769690076
317,51.627075,-0.020263,POINT (-0.020263 51.627075),E01004356,10256,14,831.09,0,3.0717669598299886,6.320768294250582,8.188525222124062,4.431768726568696,8.384109698469677,5.8630628323034575
318,51.632614,-0.142618,POINT (-0.142618 51.632614),E01000116,27318,42,1842.2,0,3.796612153916818,6.309918278226516,8.826859333616943,4.95547488291898,6.934436157563468,3.9598603348423063
319,51.61673,-0.08761,POINT (-0.08761 51.61673),E01001499,11372,59,1911.74,0,3.088311454847084,6.304448802421981,8.8881607081834,4.298780886070615,7.877950692601946,4.435211888177536
320,51.531371,-0.080027,POINT (-0.080027 51.531371),E01001777,6154,99,1947.55,0,4.013676659154646,6.295266001439646,9.789509456407556,4.337944122103693,6.7014565536067,4.569024739351738
321,51.53966,-0.023087,POINT (-0.023087 51.53966),E01004224,7452,63,1751.37,0,3.6041382256588457,6.293419278846481,9.697894093464804,4.879387007486302,6.839112346259474,4.441827387791918
322,51.546922,-0.05269,POINT (-0.05269 51.546922),E01001731,7474,80,1998.63,0,3.8368683318273855,6.289715570908998,9.642736885519767,4.695285075430352,7.696226275617069,4.20707783220934
323,51.58549,-0.18159,POINT (-0.18159 51.58549),E01000207,28804,93,1810.18,0,4.085303817569952,6.2878585601617845,8.427003678589722,3.321793358874887,7.060442030646401,3.734808386002336
324,51.53,0.037896,POINT (0.037896 51.53),E01003492,10800,58,1877.17,0,3.607398212246053,6.285998094508865,9.985655845705205,5.475542625917242,6.431218354162873,4.020698022053802
325,51.551441,-0.199291,POINT (-0.199291 51.551441),E01000873,26279,62,1782.49,0,3.7371933143924867,6.261491684321042,9.485858512867534,4.942927311072179,6.419245461699561,4.427955566562281
326,51.509865,-0.118092,POINT (-0.118092 51.509865),E01004735,5794,154,2013.24,0,4.146937012341271,6.226536669287466,8.423440597944273,2.702702594775615,5.691237447153906,4.516011049668273
327,51.53151,-0.06206,POINT (-0.06206 51.53151),E01004200,9443,71,1919.72,0,3.6888794541139363,6.214608098422191,10.198546474008165,5.073171812563154,6.492739710062122,4.568713648977476
328,51.57655,-0.103999,POINT (-0.103999 51.57655),E01002002,4676,70,1743.04,0,3.295836866004329,6.214608098422191,7.847860188955547,4.795459912431223,6.7423144377962165,5.356256031468483
329,51.555504,-0.178372,POINT (-0.178372 51.555504),E01000895,26602,53,2031.04,0,4.28096243218686,6.182084906716632,9.668423230326225,3.945264339207948,4.834216282954915,4.079569276639947
330,51.555504,-0.178372,POINT (-0.178372 51.555504),E01000895,26602,53,2031.04,0,4.110053855927281,6.182084906716632,9.668423230326225,3.945264339207948,4.834216282954915,4.079569276639947
331,51.565255,-0.196596,POINT (-0.196596 51.565255),E01000140,17164,66,1801.94,0,4.54063166485052,6.173786103901937,9.516371810368861,5.369847017686959,6.683949008117829,4.379398183320189
332,51.51752,-0.17061,POINT (-0.17061 51.51752),E01033594,8369,90,1844.04,0,4.2642279738954265,6.1092475827643655,8.987910316063582,0.0,5.902687976717136,4.826071224749521
333,51.49229,-0.06156,POINT (-0.06156 51.49229),E01004042,2987,68,1694.4,0,4.159820144181012,6.066108090103747,9.52324272265638,5.828798547972468,6.473690058941985,4.667393529168224
334,51.499914,-0.095083,POINT (-0.095083 51.499914),E01003937,11190,135,2022.92,0,4.096009841541162,6.030685260261263,9.715938556457964,4.968771089997557,5.231375960794155,4.715906227582757
335,51.551197,-0.20047,POINT (-0.20047 51.551197),E01000873,26279,58,1819.53,0,3.6888794541139363,5.991464547107982,9.485858512867534,4.380775852772229,6.308316996859543,4.237867538974276
336,51.53,0.037896,POINT (0.037896 51.53),E01003492,10800,58,1877.17,0,3.765145809567386,5.926926025970411,9.985655845705205,5.475542625917242,6.431218354162873,4.020698022053802
337,51.425816,-0.018142,POINT (-0.018142 51.425816),E01003192,2371,51,1717.28,0,3.7042605561522386,5.877735781779639,7.460967752243923,4.400480313332128,7.480653886945906,4.809579339246051
338,51.580011,-0.120859,POINT (-0.120859 51.580011),E01001990,18313,64,1675.03,0,4.254477313726906,5.872117789475416,9.42661800673701,5.862863835813668,7.430956014215511,5.03967616288067
339,51.47998,0.06941,POINT (0.06941 51.47998),E01001703,7158,52,1682.63,0,3.6524747722201365,5.857933154483459,10.097020608272716,5.47302669033985,7.017201437024916,4.673015732883159
340,51.60445,-0.1121,POINT (-0.1121 51.60445),E01001969,9566,84,1743.28,0,4.06285389513073,5.840641657373398,9.530812428541264,3.341801171705499,6.672943922800245,5.038639490505853
341,51.508478,-0.008174,POINT (-0.008174 51.508478),E01004219,6380,85,1485.4,0,3.4974162394026984,5.808142489980444,9.568768378402552,4.1675950239616935,4.618185123065586,4.555034116494294
342,51.5892,-0.25391,POINT (-0.25391 51.5892),E01000516,14898,67,1732.16,0,3.7784916128036232,5.799092654460526,9.101359979127954,6.186311499267078,6.615127664137342,5.135445433575395
343,51.531898,-0.232921,POINT (-0.232921 51.531898),E01000531,10593,53,1647.76,0,4.061476958596484,5.736572297479192,9.696134300669835,5.547050688861243,6.346565753370922,4.8247072417081895
344,51.52004,-0.14225,POINT (-0.14225 51.52004),E01004765,15472,98,1906.74,1,4.530769863411841,5.726847747587197,8.887354385688052,5.3875637440622315,6.097242475636933,5.422480009168459
345,51.52333,-0.071384,POINT (-0.071384 51.52333),E01004317,9244,97,1920.77,0,4.845839264168119,5.645446897643238,9.576459479082871,4.293332023658551,6.802450317336714,5.427589702252176
346,51.54983,-0.15561,POINT (-0.15561 51.54983),E01000903,15302,77,1693.05,0,4.076350298849822,5.634789603169249,9.576781174308541,4.147253217877503,6.441424895102697,5.062341836418449
347,51.525327,-0.125486,POINT (-0.125486 51.525327),E01000853,7640,119,1874.25,0,4.507226541657965,5.598421958998375,10.115284979330255,3.671733295278966,6.421557225040877,5.223701573167247
348,51.539982,-0.106732,POINT (-0.106732 51.539982),E01002699,14586,89,1883.34,0,3.979494720543159,5.3706380281276624,9.685113857349672,4.463145685958674,6.616600517051383,5.683681802949198
349,51.608384,0.000412,POINT (0.000412 51.608384),E01004388,14955,12,1808.62,0,4.292785500895938,5.3230099791384085,8.702448773079874,5.798152819014124,7.754554443612709,4.037950562025936
350,51.52257,-0.18352,POINT (-0.18352 51.52257),E01004703,23871,79,1648.5,0,3.1441522786722644,5.267858159063328,9.173080774577716,4.817535864130423,4.366912996863833,5.021970803760001
351,51.52257,-0.18352,POINT (-0.18352 51.52257),E01004703,23871,79,1648.5,0,3.1441522786722644,5.267858159063328,9.173080774577716,4.817535864130423,4.366912996863833,5.021970803760001
352,51.55979,-0.11429,POINT (-0.11429 51.55979),E01002730,7841,64,1957.12,0,4.7526414653463,5.017279836814924,9.452312743256755,3.39047341829918,6.198539690243127,4.980038620118788
353,51.482571,-0.12334,POINT (-0.12334 51.482571),E01033207,4844,80,1950.6,0,4.199755076629969,4.90527477843843,9.763238791684081,0.0,5.879359113323674,4.7394388067931255
354,51.55559,-0.06623,POINT (-0.06623 51.55559),E01001765,3374,71,1989.62,0,2.954910279033736,9.073259831427816,9.586474845143998,2.9338568698359038,7.889638975872468,4.612840692292311
355,51.59243,0.02615,POINT (0.02615 51.59243),E01003668,25877,6,1637.81,0,3.351656936102019,7.804659297056102,8.93290825545249,5.589306464757314,7.205739105679167,6.753834572708934
356,51.5566,-0.055957,POINT (-0.055957 51.5566),E01001770,6158,73,1998.75,0,2.757475084429733,7.787796878181171,9.481280832440572,3.3762213955919784,8.067265093401486,6.386525721500753
357,51.561084,-0.074,POINT (-0.074 51.561084),E01001829,17491,60,2010.46,0,3.0855729775537806,7.734121303328305,9.668173363560841,3.221272949467922,7.53402520569995,4.396176057778301
358,51.569471,-0.008552,POINT (-0.008552 51.569471),E01004432,9936,54,1909.38,0,3.104586678466073,7.674152921281675,9.234056898593499,4.82084592245478,7.064588073008926,4.579647228757006
359,51.538245,-0.142439,POINT (-0.142439 51.538245),E01000863,6114,66,2010.37,0,4.575638383382054,7.579167967396076,9.148320276939748,5.12283238701307,4.771192969812543,3.98397150474073
360,51.42506,-0.1401,POINT (-0.1401 51.42506),E01004517,18989,82,1818.78,0,3.3813347525659037,7.333023014386481,9.60785865420739,6.216027091175606,7.4976951795630855,4.442533602510535
361,51.55994,-0.07383,POINT (-0.07383 51.55994),E01001831,8414,60,1948.24,0,2.922623801733353,7.317212408359839,9.661421723804045,4.557029810660157,7.578539256768814,4.39197696552705
362,51.488592,-0.134338,POINT (-0.134338 51.488592),E01004738,25164,100,1583.4,0,3.8097687713893897,7.272398392570047,9.773923138181173,3.8022081394209395,4.248209486939542,4.377767577753498
363,51.616817,-0.014669,POINT (-0.014669 51.616817),E01004414,13165,7,1548.09,0,2.800933195248924,7.197435354096591,8.733147763833294,5.4199153382955245,8.173750316246222,6.700706508999217
364,51.55914,-0.07444,POINT (-0.07444 51.55914),E01001830,6903,64,1896.89,0,3.1458749319837103,7.094234845924755,9.813829767805588,5.188614101456073,7.5905490474625905,5.054333149361975
365,51.53627,-0.11708,POINT (-0.11708 51.53627),E01002710,7574,94,1916.33,0,3.506457892319648,7.090076835776092,9.362126257881078,2.9528247725427144,6.624450279819867,4.268157803514369
366,51.47686,-0.203,POINT (-0.203 51.47686),E01001948,19353,72,1669.81,0,3.6136169696133895,7.078341579557671,9.679582461324005,5.844934754412085,5.385641194719711,4.646504049481068
367,51.562793,-0.07323,POINT (-0.07323 51.562793),E01001831,8414,59,2041.57,0,3.1917101567954314,7.048386408721883,9.661421723804045,4.23091300500412,7.50370850655065,4.106108429142343
368,51.46441,-0.27408,POINT (-0.27408 51.46441),E01003859,28619,36,1593.33,0,3.044998514856909,6.976348070447749,9.04034533057249,5.504436826856451,7.547876085291452,4.752209928637407
369,51.546675,-0.099433,POINT (-0.099433 51.546675),E01002740,17843,75,2002.42,0,3.319263998899469,6.919683849847411,9.23963700393177,5.473194616452755,5.600124213045214,4.399498115585886
370,51.45625,-0.19535,POINT (-0.19535 51.45625),E01004600,9097,59,1841.17,0,3.8066624897703196,6.907755278982137,10.25841206536382,4.129067998280486,7.03392967515309,4.526884267589547
371,51.42553,-0.16536,POINT (-0.16536 51.42553),E01004525,13131,66,1907.34,0,3.457892725338701,6.851184927493743,9.555479230417182,5.23393883261183,5.744636468664467,4.513602992462601
372,51.42963,-0.16851,POINT (-0.16851 51.42963),E01004613,6866,68,1737.15,0,2.813610696762703,6.802394763324311,9.748011995446454,5.815115121584316,5.406947531073485,4.9153717798697425
373,51.47209,-0.20425,POINT (-0.20425 51.47209),E01001951,16651,62,1721.94,0,3.6696966346971625,6.79346613258001,9.596470423459962,5.352758202226283,6.027892903721534,4.774744169959543
374,51.575962,-0.122302,POINT (-0.122302 51.575962),E01001988,17894,81,1849.81,0,3.542696943935855,6.7661917146603505,9.138859407752035,5.113011360713122,7.281013949620535,4.792728009577292
375,51.61214,-0.109786,POINT (-0.109786 51.61214),E01001394,9612,57,1918.57,0,3.3921566370100065,6.734591659972948,9.35131201714839,6.344583174843937,7.0467778176309395,4.604570005916059
376,51.538981,-0.249379,POINT (-0.249379 51.538981),E01000523,7193,63,1791.81,0,2.7813006628418027,6.706862336602747,9.70154638369768,4.7461487792476635,6.490769056986829,5.1496433291663
377,51.53171,-0.05758,POINT (-0.05758 51.53171),E01004199,3280,75,1927.53,0,3.70721041079866,6.697034247666484,10.154076995856713,5.2808150914118945,6.254059554183119,4.349890764643811
378,51.577274,-0.23912,POINT (-0.23912 51.577274),E01000305,9115,28,1740.24,0,3.61469455592456,6.551080335043404,7.750128174471773,5.169858799644233,7.674501373576274,4.131640346965797
379,51.477507,-0.189391,POINT (-0.189391 51.477507),E01001923,16437,75,1610.31,0,3.9721769282478934,6.519147287940395,9.500448499175844,5.487904134333403,6.74924008851979,4.85257698943798
380,51.569039,-0.008496,POINT (-0.008496 51.569039),E01004370,19459,53,1858.33,0,3.177220149599368,6.502790045915623,9.587819500308825,5.103092924398559,7.0576139039628565,4.557134736949535
381,51.66389,-0.08112,POINT (-0.08112 51.66389),E01001411,20608,6,1792.9,0,3.1763857732472487,6.472346294500901,9.194070736308765,5.3391713605563025,8.28446384279843,6.398994189265025
382,51.54448,-0.17529,POINT (-0.17529 51.54448),E01000883,25075,59,2027.12,0,3.657130755799356,6.4692503167957724,9.362557469351456,4.716890435598499,6.891575082753099,3.5898875049069856
383,51.51688,-0.07478,POINT (-0.07478 51.51688),E01004310,5125,144,1988.76,0,3.908617212293313,6.400257445308821,10.055769057973423,4.876875303916732,5.580333417373191,4.90852873782488
384,51.53485,-0.05759,POINT (-0.05759 51.53485),E01033704,9828,80,2042.06,0,3.6891294228691436,6.214608098422191,9.317206254001286,3.7618975468505083,6.758245480254465,4.286478926661966
385,51.589229,-0.029892,POINT (-0.029892 51.589229),E01004458,10047,70,1758.92,0,3.3109079103146946,6.1224928095143865,9.661484778779407,4.773139236557646,7.65203749140678,3.8651410195280156
386,51.513469,-0.248956,POINT (-0.248956 51.513469),E01001243,10522,12,1939.43,0,3.700066643504501,6.09807428216624,9.262174470103027,4.375757021660286,7.450887382973451,5.6744223193497145
387,51.506179,-0.146026,POINT (-0.146026 51.506179),E01004761,26464,97,1920.77,1,4.639088404191552,6.075346031088684,7.841952724396196,4.658900508409059,5.489392168336741,5.3308329582247165
388,51.560366,-0.056237,POINT (-0.056237 51.560366),E01001798,2769,54,1895.53,0,3.7249702742582897,6.073044534100405,10.023488127633467,5.153118169055832,7.935168693298651,5.205104984825858
389,51.39066,-0.06571,POINT (-0.06571 51.39066),E01001186,8461,42,1753.78,0,3.326473835466219,6.066108090103747,9.13661632611333,5.1219381192097115,5.984389578436018,4.535927283245931
390,51.4084,-0.21577,POINT (-0.21577 51.4084),E01003366,15790,43,1835.74,0,3.5496173867804286,6.066108090103747,8.072570328172894,4.495243706609487,7.059677763940243,4.602867536925416
391,51.4758,-0.048588,POINT (-0.048588 51.4758),E01003338,6016,63,1849.48,0,3.4901235908565567,5.902633333401366,9.591326294716765,4.997482507517955,7.510381294080896,4.628593700931679
392,51.563218,-0.072972,POINT (-0.072972 51.563218),E01001831,8414,60,2052.66,0,4.436869870556391,5.872117789475416,9.661421723804045,3.456316680883235,7.499998664601198,4.463145685958674
393,51.443782,-0.017872,POINT (-0.017872 51.443782),E01003319,7432,65,1792.86,0,4.323205073865539,5.857933154483459,9.502578549600146,5.992688797407675,7.761719441548527,5.111023468127524
394,51.528594,-0.201395,POINT (-0.201395 51.528594),E01004678,10961,71,1880.86,0,4.03742141482248,5.703782474656201,10.112183640036198,5.750984076140496,6.486861762716754,4.4978076676595915
395,51.50488,-0.25584,POINT (-0.25584 51.50488),E01001381,16099,20,1839.2,0,4.0943445622221,5.703782474656201,8.78165832443624,5.357434971031125,6.9906799835562845,6.0468282959440876
396,51.537933,-0.184646,POINT (-0.184646 51.537933),E01004648,23935,72,1820.7,0,4.31748811353631,5.634789603169249,9.900412328879199,4.584355046274172,6.727503578556742,4.450385972187225
397,51.54448,-0.04694,POINT (-0.04694 51.54448),E01001730,2897,74,1972.95,0,4.067144642295446,5.6131281063880705,9.96998197215659,5.363121477413533,7.605476980448469,4.841901010810817
398,51.531661,-0.060192,POINT (-0.060192 51.531661),E01004199,3280,69,1905.36,0,4.419803999007912,5.560681631015528,10.154076995856713,5.258900634184245,6.3839626119917225,4.771192969812543
399,51.550884,-0.241072,POINT (-0.241072 51.550884),E01000638,8516,62,1788.54,0,4.117409835153096,5.14166355650266,8.884970277865863,4.193435464866331,5.216944608082299,4.663816381420824
400,51.54691,-0.05275,POINT (-0.05275 51.54691),E01001731,7474,80,2003.81,0,4.532814523795951,4.859812404361672,9.642736885519767,4.697111059686448,7.695457809079162,4.152141660948318
